Velocity,relax_u,relax_p,Iterations for convergence,res_ux,res_uy,res_p,reward
7.330000000000000071e+00,6.999999999999999556e-01,4.000000000000000222e-01,7.360000000000000000e+02,1.836439999999999988e-05,9.700470000000000316e-05,1.031570000000000100e-03,-7.360000000000000000e+02
